algorithm,episode,exec_time_s,reward_total,total_profit_cost,user_satisfaction,energy_charged_kwh,energy_discharged_kwh,transformer_overload_kwh,battery_degradation,battery_deg_calendar,battery_deg_cyclic,total_ev_served,seed,phase
ARS_Phase1,0,5.725,3.8532036575488746,5.107083190946435,0.6955714285714286,15.508866009997783,44.21390854433966,0.0,0.00014061279878151584,8.259030882141844e-05,5.802248996009739e-05,4.0,42,Phase1_HP_only
ARS_Phase1,1,5.193,1.3895016791066155,2.0006308364959455,0.6456666666666667,1.508685535424793,20.904273617019847,0.0,7.360190773630232e-05,5.493376027216587e-05,1.866814746413644e-05,4.0,42,Phase1_HP_only
ARS_Phase1,2,5.428,13.140740405768156,17.964235303601317,0.5377619047619048,0.00293755816963448,55.1258286320236,0.0,0.00010984267023321585,4.537650846292703e-05,6.446616177028882e-05,3.0,42,Phase1_HP_only
ARS_Phase1,3,4.251,21.583095613401383,34.89264948543657,0.6421428571428571,28.816889120840102,96.47928213776326,0.0,0.00027773624241221,0.00010699569571365665,0.00017074054669855338,5.0,42,Phase1_HP_only
ARS_Phase1,4,4.83,12.792706049978733,36.77542946394644,0.6224081632653061,32.95549978056777,102.30711045483878,0.0,0.00027058721083656335,0.00010245038972974392,0.0001681368211068195,7.0,42,Phase1_HP_only
ARS_Phase1,5,4.415,11.581049422966316,12.146130921681216,0.7834285714285715,19.128899181126307,45.14855087291675,0.0,0.0001531459748176973,8.958692959567979e-05,6.355904522201752e-05,5.0,42,Phase1_HP_only
ARS_Phase1,6,5.34,-0.6015923712402582,-0.16836432003742807,0.8124285714285714,38.620908939002874,34.55333281129518,0.0,0.0001451775105564552,6.659732693863068e-05,7.858018361782451e-05,4.0,42,Phase1_HP_only
ARS_Phase1,7,4.933,0.6356352441944182,1.1467648298583422,0.731904761904762,8.261645704568046,29.8263583113428,0.0,9.365241375156341e-05,5.612517172959529e-05,3.752724202196811e-05,3.0,42,Phase1_HP_only
ARS_Phase1,8,5.418,-0.6404837011941709,1.5515199522420113,0.7271190476190476,18.111930587089592,30.350075049925792,0.0,0.00013602430882822712,9.284983888671147e-05,4.3174469941515644e-05,6.0,42,Phase1_HP_only
ARS_Phase1,9,4.649,5.060029049869627,6.250036369126262,0.6641714285714286,3.214187468215271,45.23861751491034,0.0,0.00011945692145470565,7.694529945954665e-05,4.251162199515901e-05,5.0,42,Phase1_HP_only
ARS_Phase1,10,4.813,2.2824031226336956,2.896033244198311,0.6114285714285714,0.0,26.781274427572107,0.0,5.673841366130727e-05,3.0271875441598054e-05,2.6466538219709215e-05,2.0,42,Phase1_HP_only
ARS_Phase1,11,4.396,-0.3250535889528692,3.841733731159841,0.5908857142857143,3.1521661928978317,49.60338554998391,0.0,0.00012936825263296263,8.069777582671886e-05,4.867047680624375e-05,5.0,42,Phase1_HP_only
ARS_Phase1,12,4.883,7.867237035185099,21.192233181227373,0.6309591836734694,23.230108103565353,100.12577439331558,0.0,0.00026157725029370203,0.0001119239466428023,0.00014965330365089975,7.0,42,Phase1_HP_only
ARS_Phase1,13,5.159,0.32858009269693866,0.7979179967935464,0.7571071428571429,19.09684395830556,27.42382370796079,0.0,0.00012274526262911228,7.84158976947184e-05,4.432936493439388e-05,4.0,42,Phase1_HP_only
ARS_Phase1,14,4.503,-0.907738306093961,-0.8241188773460645,0.8866285714285713,13.505617674595737,8.084880615976466,0.0,8.016707280431434e-05,6.470147107494427e-05,1.5465601729370068e-05,5.0,42,Phase1_HP_only
ARS_Phase1,15,5.415,-10.099990269169211,4.1257685779102236,0.6948095238095239,33.12174432141684,73.70806039080367,0.0,0.0002491458052224811,0.00011225017552199444,0.00013689562970048663,6.0,42,Phase1_HP_only
ARS_Phase1,16,5.961,0.5520821639802307,1.4517224847516543,0.6593571428571429,0.08014545496783154,38.972307108442415,0.0,0.00010778667867342384,7.17471996933194e-05,3.603947898010445e-05,4.0,42,Phase1_HP_only
ARS_Phase1,17,5.257,12.101166926324368,21.033576736848264,0.5928571428571429,9.149218909024338,87.96396002600592,0.0,0.00022823858283938333,0.00012070770176318552,0.00010753088107619782,6.0,42,Phase1_HP_only
ARS_Phase1,18,4.637,13.053128845989704,17.38593324321307,0.6346190476190476,10.332138210722954,79.14746114891236,0.0,0.00018889218439397393,9.163182226174273e-05,9.726036213223116e-05,6.0,42,Phase1_HP_only
ARS_Phase1,19,4.639,0.8775770161300898,1.1909437914746779,0.7689047619047619,19.487007968144454,28.149511427112756,0.0,0.00011991744941903539,7.246344805163754e-05,4.7454001367397837e-05,3.0,42,Phase1_HP_only
ARS_Phase1,20,4.243,2.6200395333580673,15.011597996882404,0.6465714285714285,11.382790252052192,87.9110285533266,0.0,0.000232310237141568,0.0001223489139853635,0.00010996132315620451,6.0,123,Phase1_HP_only
ARS_Phase1,21,4.75,1.186039368272759,3.016220198189685,0.7242142857142858,18.140807338153383,35.98708290058131,0.0,0.00012937714527180312,7.605058452005461e-05,5.33265607517485e-05,4.0,123,Phase1_HP_only
ARS_Phase1,22,4.724,4.241422548890114,4.967176591266289,0.49257142857142855,0.0,17.578846917739284,0.0,3.422825734710181e-05,1.6927972472302198e-05,1.730028487479961e-05,1.0,123,Phase1_HP_only
ARS_Phase1,23,4.748,7.651218563318253,9.918822320803551,0.6498214285714285,2.954241283015325,45.70003585004668,0.0,0.00011966398802084898,7.420266811536763e-05,4.546131990548135e-05,4.0,123,Phase1_HP_only
ARS_Phase1,24,4.911,1.9139034302570508,3.39387664051895,0.7447755102040816,20.784609690826535,50.83915530376167,0.0,0.00020366266812442809,0.00013637804312153254,6.728462500289558e-05,7.0,123,Phase1_HP_only
ARS_Phase1,25,4.473,7.583065457642078,8.552738366787288,0.7659404761904761,20.97533082076261,65.86576300271916,0.0,0.0002006002998671511,0.00011707998616665514,8.352031370049596e-05,7.0,123,Phase1_HP_only
ARS_Phase1,26,4.34,-0.3885546145029366,0.5060014071701238,0.6954285714285714,15.818750743494261,31.43785838270489,0.0,0.00011517948436039405,7.078114437661173e-05,4.439833998378234e-05,4.0,123,Phase1_HP_only
ARS_Phase1,27,4.806,10.598823805572465,22.86559047583593,0.6553469387755103,18.949321108010466,80.31128844034697,0.0,0.00019897136267083232,9.865646709451091e-05,0.00010031489557632145,7.0,123,Phase1_HP_only
ARS_Phase1,28,4.748,4.05347139434889,6.665280685411187,0.7375306122448979,37.82527760008969,74.31273923232274,0.0,0.0003017843890387869,0.00018089849472397742,0.00012088589431480946,8.0,123,Phase1_HP_only
ARS_Phase1,29,4.701,0.6871346794068813,1.592772741737424,0.4704285714285714,0.0,9.5890212500822,0.0,2.495978250828073e-05,1.6739791951696706e-05,8.219990556584025e-06,1.0,123,Phase1_HP_only
ARS_Phase1,30,4.482,8.634437646716833,11.200299505872636,0.5869464285714285,2.3420652455882,63.00314027922099,0.0,0.00015105476783941466,8.250137192362229e-05,6.855339591579234e-05,5.0,123,Phase1_HP_only
ARS_Phase1,31,5.195,8.487092170864344,9.777314807392894,0.6412571428571429,7.063275480452955,56.483867316409274,0.0,0.00015594562556218728,9.751271564565707e-05,5.843290991653019e-05,5.0,123,Phase1_HP_only
ARS_Phase1,32,5.429,0.14193742373026907,1.4383880524480122,0.6510357142857143,14.707799499113097,22.683990462813014,0.0,0.00010997193827279683,7.756477232774241e-05,3.240716594505442e-05,4.0,123,Phase1_HP_only
ARS_Phase1,33,5.273,-4.415588146308437,8.850692455460592,0.6801607142857142,25.723199230244447,72.1461732946736,0.0,0.0002447240951340746,0.00013382610939114304,0.00011089798574293153,8.0,123,Phase1_HP_only
ARS_Phase1,34,5.273,9.266549534164369,18.121306826429198,0.6928857142857142,36.45882698835679,64.04464321442187,0.0,0.0002202321755946634,0.00010722691344872549,0.00011300526214593791,5.0,123,Phase1_HP_only
ARS_Phase1,35,5.059,-5.350480402994435,-3.6577828187456616,0.7722857142857142,49.71806116985138,27.465392927342442,0.0,0.00019443831739056024,0.0001220101281007246,7.242818928983564e-05,7.0,123,Phase1_HP_only
ARS_Phase1,36,4.599,5.6840733252465725,7.414716263540837,0.7195238095238095,7.776880413171341,34.410722676003196,0.0,0.00010974803233180773,5.584212300425069e-05,5.3905909327557046e-05,3.0,123,Phase1_HP_only
ARS_Phase1,37,4.53,3.387314051389694,5.530120694602719,0.6356904761904763,0.07532342551954896,64.7001620912576,0.0,0.00016619920462485294,0.00010489885723249552,6.130034739235743e-05,6.0,123,Phase1_HP_only
ARS_Phase1,38,5.718,6.696742635220289,8.173218926665358,0.6794857142857144,18.48930637159111,56.71986963124539,0.0,0.00016566002619934555,8.933818988708042e-05,7.632183631226516e-05,5.0,123,Phase1_HP_only
ARS_Phase1,39,5.227,-0.732267539948225,-0.13808828244805582,0.8029047619047619,33.41561641890972,30.477443138111173,0.0,0.00015481736372114025,9.333844341095356e-05,6.14789203101867e-05,6.0,123,Phase1_HP_only
ARS_Phase1,40,4.308,0.8593256008680328,1.3364985563370342,0.7655238095238096,22.506475308834016,37.52680678647774,0.0,0.00017654297026107634,0.00012429273006159115,5.22502401994852e-05,6.0,999,Phase1_HP_only
ARS_Phase1,41,5.523,22.779963552951813,45.667589781086114,0.5831224489795918,27.1653336238522,125.23922897516661,0.0,0.0002962487855222518,9.60013651944224e-05,0.0002002474203278294,7.0,999,Phase1_HP_only
ARS_Phase1,42,4.698,0.9686431258160155,2.543206761158959,0.6692857142857143,17.000147958320824,33.6634743883986,0.0,0.00012817291096545264,8.023219357650772e-05,4.7940717388944925e-05,4.0,999,Phase1_HP_only
ARS_Phase1,43,5.022,-2.2325107864489837,3.438265364879953,0.5968928571428571,22.76431018937456,52.018335493554574,0.0,0.00016457076633007262,8.518902853368982e-05,7.938173779638279e-05,4.0,999,Phase1_HP_only
ARS_Phase1,44,5.332,-1.0311388443224132,-0.15715831286847215,0.7006666666666668,25.63950653522269,23.17899672720974,0.0,0.0001086399884312864,5.5258935823046624e-05,5.338105260823977e-05,3.0,999,Phase1_HP_only
ARS_Phase1,45,4.767,4.574765930883586,6.713619812974015,0.6376326530612245,11.932317672606787,87.44423393248357,0.0,0.00025336759470169875,0.0001572506647658823,9.611692993581647e-05,7.0,999,Phase1_HP_only
ARS_Phase1,46,4.515,-2.2346364055993035,1.8701994377097324,0.6719714285714286,11.326503768983606,55.77225770622121,0.0,0.00014335268314311607,7.705262404744731e-05,6.630005909566876e-05,5.0,999,Phase1_HP_only
ARS_Phase1,47,4.853,-5.471440741792321,3.742370528436262,0.6544107142857143,31.78787120989844,76.54378694934897,0.0,0.00025333400299918084,0.0001447341620796284,0.00010859984091955244,8.0,999,Phase1_HP_only
ARS_Phase1,48,5.147,-0.7598301358520985,3.7838504212804542,0.708452380952381,22.20833412572563,70.110312855341,0.0,0.00021929295361770954,0.00012063752492096355,9.8655428696746e-05,6.0,999,Phase1_HP_only
ARS_Phase1,49,4.496,3.6881377873942256,5.491838856662254,0.6751836734693877,11.642097282529152,64.13199400074916,0.0,0.00019279956356122328,0.00012435144178063532,6.844812178058795e-05,7.0,999,Phase1_HP_only
ARS_Phase1,50,4.589,40.71432182844728,76.40603462697871,0.5853035714285714,23.00155740354077,161.4973590567232,0.0,0.000400110107770508,0.00015396287141707178,0.00024614723635343617,8.0,999,Phase1_HP_only
ARS_Phase1,51,4.346,11.525067649781704,14.34264951780989,0.7131428571428571,18.146793305744367,52.112780759989676,0.0,0.00015825498320913046,7.591350758158351e-05,8.234147562754693e-05,4.0,999,Phase1_HP_only
ARS_Phase1,52,4.361,-1.2475831122137606,2.4790803139803126,0.5993469387755103,7.229321348334302,52.27113177302086,0.0,0.00014494015676613193,9.273863433438385e-05,5.2201522431748074e-05,7.0,999,Phase1_HP_only
ARS_Phase1,53,4.45,-8.730812930574757,2.6149643648566148,0.6207755102040816,22.405909776795134,104.92486664123047,0.0,0.0002934335240692473,0.000143418433274878,0.00015001509079436932,7.0,999,Phase1_HP_only
ARS_Phase1,54,4.82,10.136213837657124,25.546980255223087,0.6081836734693878,7.16969268206998,108.0291236152781,0.0,0.0002652367727105003,0.0001246533479032518,0.00014058342480724855,7.0,999,Phase1_HP_only
ARS_Phase1,55,5.793,-3.249621804076014,1.541855549923758,0.6221190476190476,26.975042415516455,100.91543229343128,0.0,0.0002654321202890521,0.00011906097910306124,0.0001463711411859909,6.0,999,Phase1_HP_only
ARS_Phase1,56,5.339,-4.487530696205795,-4.246236056460215,0.8463214285714287,45.99623039454742,2.3547022882801976,0.0,0.00014136907870822323,8.566235003896466e-05,5.5706728669258583e-05,4.0,999,Phase1_HP_only
ARS_Phase1,57,5.545,6.644970042165369,12.299416150908147,0.5964489795918367,13.840649832366852,94.98816044024012,0.0,0.0002395484955529645,0.0001201678368868132,0.00011938065866615135,7.0,999,Phase1_HP_only
ARS_Phase1,58,4.724,-3.409981901641004,14.390643859632357,0.5939142857142856,17.731322814431195,71.38230245019378,0.0,0.00019700505713533123,8.744997223336689e-05,0.00010955508490196438,5.0,999,Phase1_HP_only
ARS_Phase1,59,4.897,16.692322328686714,19.451364164162193,0.6288095238095237,13.613506966736434,99.26812726777511,0.0,0.00024399113356865268,0.00011565765201439872,0.00012833348155425397,6.0,999,Phase1_HP_only
ARS_Phase1,60,5.274,-2.3854007135378197,0.8779003347733922,0.692204081632653,26.110387259745856,79.62783504808674,0.0,0.00023674200446545155,0.00013337100537782567,0.00010337099908762584,7.0,7,Phase1_HP_only
ARS_Phase1,61,4.758,-1.2951882798224688,-1.1953663093841462,0.8688571428571429,19.64877902273272,20.553761959193746,0.0,9.63161262004663e-05,5.9608912570272654e-05,3.6707213630193646e-05,3.0,7,Phase1_HP_only
ARS_Phase1,62,4.835,13.526536028366536,14.793193913215815,0.7352142857142857,19.129280418804004,55.00012331261347,0.0,0.00017597738389594966,9.023992055091145e-05,8.573746334503818e-05,4.0,7,Phase1_HP_only
ARS_Phase1,63,4.942,18.45044782012701,26.411518883151402,0.6368333333333334,31.395162692735468,96.7095695276473,0.0,0.00025736520446997737,0.00010671852524493582,0.00015064667922504157,6.0,7,Phase1_HP_only
ARS_Phase1,64,4.644,-0.20646198850590736,-0.046309088932241727,0.8110476190476191,11.049707537314793,12.843503148284734,0.0,6.989044693795185e-05,4.972576408575765e-05,2.016468285219419e-05,3.0,7,Phase1_HP_only
ARS_Phase1,65,5.46,2.2591850832104683,9.798806161028892,0.6306190476190476,7.337668185100993,81.82812154277056,0.0,0.00020026890308762424,9.908009447722756e-05,0.00010118880861039668,6.0,7,Phase1_HP_only
ARS_Phase1,66,3.674,2.778702789277304,17.01674993583151,0.6275714285714286,23.200348659339863,123.04235834577536,0.0,0.00032138469659994724,0.00015536859603528885,0.00016601610056465838,9.0,7,Phase1_HP_only
ARS_Phase1,67,3.49,9.422573585063219,10.949647903262107,0.6239428571428571,0.11933137243826608,65.9763925519002,0.0,0.00015815241799472328,8.842489452194437e-05,6.972752347277891e-05,5.0,7,Phase1_HP_only
ARS_Phase1,68,3.268,5.386673830449581,6.542498534489939,0.7186571428571428,19.091649938908745,63.33353243486639,0.0,0.00019931411510895882,0.00011577303681393789,8.35410782950209e-05,6.0,7,Phase1_HP_only
ARS_Phase1,69,3.448,3.4050419735722244,3.772240415262864,0.7428571428571429,0.7504075482775951,15.842639188232244,0.0,4.7513497182483935e-05,3.260469234980168e-05,1.4908804832682259e-05,2.0,7,Phase1_HP_only
ARS_Phase1,70,4.507,0.38049569353461266,2.191815278056752,0.5378571428571428,0.3853743764808404,33.52812501009193,0.0,7.72040694399463e-05,4.694707617060419e-05,3.0256993269342107e-05,3.0,7,Phase1_HP_only
ARS_Phase1,71,4.773,12.630967989563942,19.35633893789619,0.48842857142857143,0.0,70.01309630761376,0.0,0.00015599372324287433,6.616944649496285e-05,8.982427674791149e-05,3.0,7,Phase1_HP_only
ARS_Phase1,72,4.73,20.184034891426563,22.221494420426954,0.6588857142857143,18.988066484312952,67.07526100984774,0.0,0.00017529824715736857,7.778387495737166e-05,9.751437219999691e-05,5.0,7,Phase1_HP_only
ARS_Phase1,73,4.99,0.8038150127977133,3.7351672783090297,0.6314285714285715,7.302769609717123,43.52197503132559,0.0,0.00012655899276210682,7.639602497542939e-05,5.0162967786677415e-05,4.0,7,Phase1_HP_only
ARS_Phase1,74,4.829,4.943567560752854,7.947013519343155,0.692,25.414952625161842,54.38007683631673,0.0,0.00018224560058069394,9.953999009268961e-05,8.270561048800433e-05,5.0,7,Phase1_HP_only
ARS_Phase1,75,5.065,0.12611383036710322,3.7999969765407133,0.7406666666666667,43.59617544689628,63.80210067573636,0.0,0.00026167468225025465,0.00014252936529806135,0.0001191453169521933,6.0,7,Phase1_HP_only
ARS_Phase1,76,4.126,0.8949639927595854,3.205106389016387,0.6122142857142857,3.4630485282467536,40.60320614884928,0.0,0.0001222976645767698,7.924402491444028e-05,4.305363966232952e-05,4.0,7,Phase1_HP_only
ARS_Phase1,77,4.645,10.611013188958168,23.379804975086152,0.5740952380952381,8.690793557683453,103.62290138833903,0.0,0.00026053644631125246,0.00012765813401578158,0.00013287831229547088,6.0,7,Phase1_HP_only
ARS_Phase1,78,4.393,-1.0657071868190542,2.07611903970531,0.6932653061224491,18.93872007705523,38.333471344985185,0.0,0.00015910080417540578,0.00011315370103906671,4.594710313633906e-05,7.0,7,Phase1_HP_only
ARS_Phase1,79,4.634,4.560558550059795,5.34114040990805,0.6585714285714286,0.0,30.18884190435082,0.0,6.686034968682643e-05,3.402656888064569e-05,3.283378080618073e-05,2.0,7,Phase1_HP_only
ARS_Phase1,80,4.638,3.5265693998662755,3.9158976182228877,0.702,1.5603422187097338,27.786750705975535,0.0,9.315475362264836e-05,6.854924588111684e-05,2.4605507741531503e-05,4.0,89,Phase1_HP_only
ARS_Phase1,81,5.469,5.117169741541147,5.851310968126424,0.6739999999999999,0.07959119870940334,52.050149802788,0.0,0.00012857865794827913,7.448375290356268e-05,5.4094905044716424e-05,4.0,89,Phase1_HP_only
ARS_Phase1,82,5.695,35.91664461791515,48.59088043204135,0.48271428571428565,6.142988388969007,104.31546188509544,0.0,0.00021059316862818397,5.558162122072379e-05,0.00015501154740746016,4.0,89,Phase1_HP_only
ARS_Phase1,83,4.617,0.22343592159450054,0.2992769741712018,0.7184285714285714,0.0,2.779318007857323,0.0,1.1800465423573141e-05,9.911024299895443e-06,1.8894411236776971e-06,1.0,89,Phase1_HP_only
ARS_Phase1,84,4.854,-2.700126498937607,-2.695312630275921,0.9941428571428572,11.478647111920475,0.0,0.0,2.195041156136685e-05,1.17695616410184e-05,1.018084992034845e-05,1.0,89,Phase1_HP_only
ARS_Phase1,85,5.294,2.439845540560782,6.442560597278035,0.6999523809523809,33.04388092265055,63.14990733645116,0.0,0.00020434982897838964,9.617385111846572e-05,0.00010817597785992392,6.0,89,Phase1_HP_only
ARS_Phase1,86,5.177,4.15480238199234,13.892284823111094,0.5584523809523809,13.1825859108196,103.0235459723395,0.0,0.00023969516720215523,0.0001031124233685603,0.00013658274383359493,6.0,89,Phase1_HP_only
ARS_Phase1,87,4.645,-0.7485765747260302,0.008673047414432533,0.7407142857142857,24.036506094098467,25.966573153317555,0.0,0.0001278386497546664,7.918086887385872e-05,4.865778088080768e-05,4.0,89,Phase1_HP_only
ARS_Phase1,88,4.211,7.249222221784294,11.919394985333891,0.6825510204081633,26.236218823039888,69.66241837291014,0.0,0.0002167130142955013,0.00011708270652737384,9.963030776812745e-05,7.0,89,Phase1_HP_only
ARS_Phase1,89,4.487,-0.9343282252280005,-0.8361454084321986,0.8508571428571429,22.89610433291113,17.326826597034785,0.0,0.0001224839239197185,8.240416930834849e-05,4.007975461137003e-05,3.0,89,Phase1_HP_only
ARS_Phase1,90,4.84,4.369495734106749,17.216778828871178,0.6562380952380953,24.211970499921282,100.2621733384616,0.0,0.0002755113062471713,0.00012827612807117612,0.0001472351781759952,6.0,89,Phase1_HP_only
ARS_Phase1,91,4.404,2.7931832311151084,3.637004169514724,0.7613214285714286,8.535398359292909,28.829750133074135,0.0,0.00011202063297323923,7.572018447676679e-05,3.630044849647244e-05,4.0,89,Phase1_HP_only
ARS_Phase1,92,4.399,-3.8947864808142185,0.7362852595763876,0.6912142857142857,33.27768989820143,34.03022575459646,0.0,0.00016301389477903132,9.571880576553522e-05,6.729508901349609e-05,6.0,89,Phase1_HP_only
ARS_Phase1,93,4.098,22.4454924762249,30.527739167730704,0.677809523809524,14.614462745194828,77.63168113337976,0.0,0.0001954829321392105,0.00010391805718040209,9.15648749588084e-05,6.0,89,Phase1_HP_only
ARS_Phase1,94,4.6,-2.3953524194657803,6.802043844253412,0.6006785714285714,8.763208540059304,48.13759944896097,0.0,0.0001387793119310084,7.949057390210855e-05,5.928873802889984e-05,4.0,89,Phase1_HP_only
ARS_Phase1,95,5.195,3.327030846849084,4.481251456837223,0.6769142857142857,11.97210849889686,48.337297978870424,0.0,0.0001535723475597009,9.061772264030947e-05,6.295462491939144e-05,5.0,89,Phase1_HP_only
ARS_Phase1,96,5.414,11.284981781383976,13.126039781564499,0.5328571428571429,1.030805789413316,31.031311417152317,0.0,7.12455834100613e-05,3.94918790109246e-05,3.175370439913671e-05,2.0,89,Phase1_HP_only
ARS_Phase1,97,4.651,20.73939883708954,27.040108396931096,0.5826785714285715,6.395098082802638,82.23732893836356,0.0,0.00019062315359530816,7.336725518693575e-05,0.00011725589840837241,4.0,89,Phase1_HP_only
ARS_Phase1,98,4.422,-2.76364464731887,9.249999229028205,0.581530612244898,10.708910100430447,79.08665923736345,0.0,0.00019808452763174131,0.00010558110980676179,9.250341782497952e-05,7.0,89,Phase1_HP_only
ARS_Phase1,99,5.42,6.20009607821703,6.686463181490396,0.6765714285714286,0.6654400638614966,22.67390299890974,0.0,7.995103395507066e-05,6.168238066120484e-05,1.826865329386582e-05,3.0,89,Phase1_HP_only
ARS_Phase2,0,4.84,20.036860688589513,21.75269125871484,0.6578035714285715,0.0456707156939784,100.98199847006775,0.0,0.0002547760080770364,0.0001576202982311592,9.715570984587721e-05,8.0,42,Phase2_HP_YAML
ARS_Phase2,1,3.729,3.7906245486810803,6.102688506848626,0.6207,0.07831640931503014,45.62881392083944,0.0,0.00012173223464778335,8.21242052193481e-05,3.960802942843526e-05,6.0,42,Phase2_HP_YAML
ARS_Phase2,2,3.835,29.062716640532017,39.60120307358734,0.5240408163265305,0.0,107.08829509472923,0.0,0.00023516665360571738,0.0001283594154904421,0.00010680723811527527,7.0,42,Phase2_HP_YAML
ARS_Phase2,3,4.786,72.71503525972366,76.31887841817553,0.611,0.0,105.6228969730872,0.0,0.00024584636223879704,0.00013333068024222645,0.00011251568199657058,7.0,42,Phase2_HP_YAML
ARS_Phase2,4,4.315,88.73053258657455,96.37870769969354,0.5861142857142856,0.0,138.97676381553123,0.0,0.0002986071767231205,0.0001586458056282032,0.00013996137109491735,10.0,42,Phase2_HP_YAML
ARS_Phase2,5,3.904,37.50066362321377,38.48219463595162,0.6676857142857143,0.0,80.53437658436184,0.0,0.0002014232708511687,0.00012090022215172068,8.052304869944804e-05,6.0,42,Phase2_HP_YAML
ARS_Phase2,6,4.327,54.12278872728348,60.574198621391524,0.4885428571428571,0.0,93.22867394787936,0.0,0.0001959306025615787,9.611962313074356e-05,9.98109794308352e-05,5.0,42,Phase2_HP_YAML
ARS_Phase2,7,3.71,6.0609083995223045,7.271574963456993,0.6819387755102041,0.0,67.77445527984713,0.0,0.00018099717484720135,0.00012085691368181644,6.0140261165384935e-05,7.0,42,Phase2_HP_YAML
ARS_Phase2,8,3.868,5.953830165788531,7.9013857380155095,0.637357142857143,0.0,58.69219052684021,0.0,0.00016996828514544761,0.00012177574697013737,4.819253817531025e-05,8.0,42,Phase2_HP_YAML
ARS_Phase2,9,4.044,9.572506174445152,11.974681665311657,0.6255,0.0,66.49683917855849,0.0,0.00016496716479695402,0.00010261013852450927,6.235702627244476e-05,6.0,42,Phase2_HP_YAML
ARS_Phase2,10,4.387,7.8590695802122355,9.090136508528769,0.6839183673469388,0.0,64.71507158460916,0.0,0.00016886286845080079,0.00011351712509753861,5.534574335326212e-05,7.0,42,Phase2_HP_YAML
ARS_Phase2,11,4.277,6.661816438194364,10.868850579877433,0.6613857142857145,0.0,95.99092086297728,0.0,0.0002485457722770337,0.00016552241877394882,8.302335350308484e-05,11.0,42,Phase2_HP_YAML
ARS_Phase2,12,4.184,42.357747577130795,45.75386865982481,0.6028285714285715,0.0,135.11587014498912,0.0,0.00032966558182044413,0.00019693317619681028,0.00013273240562363387,10.0,42,Phase2_HP_YAML
ARS_Phase2,13,3.444,7.227617265947629,9.013627990672882,0.6461428571428571,0.13457341954488222,69.6405806763283,0.0,0.0001954976679876553,0.0001333312652800821,6.216640270757318e-05,7.0,42,Phase2_HP_YAML
ARS_Phase2,14,4.52,13.903337024152279,16.627043487598574,0.6687936507936507,0.09799250648901747,87.54704846842085,0.0,0.00025187001762107426,0.00017621410914685456,7.565590847421977e-05,10.0,42,Phase2_HP_YAML
ARS_Phase2,15,4.319,7.445035407319665,10.337636139530181,0.6503015873015873,0.13451799391903552,75.38034763729529,0.0,0.00021634645269226125,0.00014962703815784342,6.671941453441779e-05,9.0,42,Phase2_HP_YAML
ARS_Phase2,16,4.602,0.852261564694345,2.679671333455733,0.6476190476190476,0.029929837954796312,66.20441357661502,0.0,0.00017967857190172,0.00011817484276334714,6.15037291383729e-05,6.0,42,Phase2_HP_YAML
ARS_Phase2,17,4.741,35.068248085677624,41.07294660255771,0.5587777777777777,0.0,122.83659986777803,0.0,0.000297493771949713,0.00017851177514970168,0.00011898199680001135,9.0,42,Phase2_HP_YAML
ARS_Phase2,18,3.664,26.561060190200806,29.000637061366525,0.6369,0.0,97.82251609455875,0.0,0.00025666828338357116,0.0001696048963321147,8.706338705145648e-05,10.0,42,Phase2_HP_YAML
ARS_Phase2,19,3.511,5.9128838665783405,8.121620701716177,0.6422857142857142,0.31958415860614764,85.1906834113654,0.0,0.00023185025035686802,0.000152653129316316,7.919712104055205e-05,8.0,42,Phase2_HP_YAML
ARS_Phase2,20,4.842,21.853928765282035,23.817078575331546,0.6598163265306123,0.0,96.1301500350929,0.0,0.00024976585188636683,0.00016104617081718654,8.871968106918025e-05,8.0,123,Phase2_HP_YAML
ARS_Phase2,21,4.697,14.15429699793458,16.822035907905573,0.6340714285714286,0.05021561701303523,87.0519867783983,0.0,0.00023766016113977128,0.00015548678621646117,8.217337492331012e-05,8.0,123,Phase2_HP_YAML
ARS_Phase2,22,5.02,24.320456355810165,25.80225432771462,0.6320714285714286,0.0,76.08292287047107,0.0,0.00017895612325736723,0.0001051053663249675,7.385075693239973e-05,6.0,123,Phase2_HP_YAML
ARS_Phase2,23,4.149,20.576688952744007,22.96337981861495,0.6393061224489796,0.0,78.96649648053756,0.0,0.000205583794915558,0.00013068277600228995,7.490101891326813e-05,7.0,123,Phase2_HP_YAML
ARS_Phase2,24,4.196,8.161683273501694,10.192380999824305,0.6328571428571428,0.0271031310368397,96.06835046227884,0.0,0.00026038782712843817,0.0001716904792131909,8.869734791524722e-05,9.0,123,Phase2_HP_YAML
ARS_Phase2,25,3.943,14.826852917671204,15.806794533066949,0.706265306122449,0.0,66.21971104934748,0.0,0.0001955553428975795,0.00013673132854088085,5.8824014356698696e-05,8.0,123,Phase2_HP_YAML
ARS_Phase2,26,4.422,2.5555954622104764,3.7181783816918115,0.6693673469387755,0.0,53.76468611259074,0.0,0.0001608775545106906,0.00011469920707546395,4.61783474352267e-05,7.0,123,Phase2_HP_YAML
ARS_Phase2,27,4.767,37.39493256807327,41.38665076191729,0.5975357142857143,0.0,95.21363188616621,0.0,0.00021815563907408422,0.00012739506763757288,9.076057143651131e-05,8.0,123,Phase2_HP_YAML
ARS_Phase2,28,4.468,25.892606653273106,30.854182219406482,0.59895,0.0,145.88800680429904,0.0,0.00036917709902169383,0.00022331990417124892,0.00014585719485044497,11.0,123,Phase2_HP_YAML
ARS_Phase2,29,3.902,9.072369810193777,9.896957144097053,0.6674571428571429,0.0,47.87233240368018,0.0,0.00015032011403106818,0.00010803825360921971,4.2281860421848466e-05,5.0,123,Phase2_HP_YAML
ARS_Phase2,30,3.603,17.195415001362562,19.27674175299625,0.7140204081632654,0.0,84.92635860172392,0.0,0.00022245893655348164,0.0001468783240224845,7.55806125309971e-05,9.0,123,Phase2_HP_YAML
ARS_Phase2,31,3.716,15.286386080086231,20.467285659461876,0.6115306122448979,0.0,86.61639678490442,0.0,0.00022383158780118375,0.0001421663099964808,8.166527780470297e-05,7.0,123,Phase2_HP_YAML
ARS_Phase2,32,3.544,22.88546148687601,26.37963423174072,0.6170555555555556,0.0,112.73960275685204,0.0,0.0002894483093935615,0.00018188524103921385,0.00010756306835434761,10.0,123,Phase2_HP_YAML
ARS_Phase2,33,3.816,20.464417971670628,26.3768763270888,0.5956507936507935,0.0059305419651156654,109.91893723211643,0.0,0.00026823184585523754,0.0001625609317208382,0.00010567091413439934,9.0,123,Phase2_HP_YAML
ARS_Phase2,34,4.763,102.29994945600629,114.25468063176945,0.5236507936507936,0.0,169.8005062639045,0.0,0.00037723380016670545,0.00018760494342853887,0.00018962885673816656,9.0,123,Phase2_HP_YAML
ARS_Phase2,35,4.265,11.22752083837986,15.389280228168369,0.6058303571428572,0.0,80.7279228698028,0.0,0.0002094469331543121,0.0001385796087804587,7.086732437385342e-05,9.0,123,Phase2_HP_YAML
ARS_Phase2,36,3.427,25.08932358585298,27.39736129178364,0.677047619047619,0.0,91.65336681019224,0.0,0.00023615872382155175,0.00015221881290295063,8.39399109186011e-05,9.0,123,Phase2_HP_YAML
ARS_Phase2,37,4.123,8.887300819158554,11.2755003551863,0.6471269841269841,0.009810335774066425,102.2891564299303,0.0,0.0002656979627356611,0.00017004369859450368,9.565426414115746e-05,9.0,123,Phase2_HP_YAML
ARS_Phase2,38,3.912,16.320272859185934,17.838384415085514,0.6458571428571428,0.0,70.18436149146616,0.0,0.0001777877897828999,0.00011500597192014993,6.278181786274997e-05,7.0,123,Phase2_HP_YAML
ARS_Phase2,39,4.678,15.501553475856781,16.918899804627777,0.6455357142857142,0.0,64.29028958815451,0.0,0.0001708882574107232,0.0001143792677871603,5.650898962356291e-05,7.0,123,Phase2_HP_YAML
ARS_Phase2,40,4.261,7.238991312682629,8.617502047432435,0.6569285714285714,0.0,77.1688217319715,0.0,0.00022189166200885794,0.00015505223268433532,6.683942932452259e-05,8.0,999,Phase2_HP_YAML
ARS_Phase2,41,4.208,54.504922774620354,57.81848625477934,0.6507777777777778,0.0,97.92832361429154,0.0,0.00022010348544297407,0.000133439278996596,8.666420644637811e-05,10.0,999,Phase2_HP_YAML
ARS_Phase2,42,5.027,9.531992424279451,12.32773406051406,0.5968775510204082,0.0,85.06470096382607,0.0,0.00022022536458898511,0.00013833872493789897,8.188663965108614e-05,7.0,999,Phase2_HP_YAML
ARS_Phase2,43,3.706,4.660317842382938,8.72705318886524,0.575469387755102,0.2698119465998472,80.60033307911407,0.0,0.00021103691154305607,0.0001345132952371937,7.652361630586234e-05,7.0,999,Phase2_HP_YAML
ARS_Phase2,44,4.194,4.276917707640678,9.242716181043518,0.5609183673469387,0.0,69.51010875309576,0.0,0.00017751201892566486,0.00011805391143650154,5.945810748916333e-05,7.0,999,Phase2_HP_YAML
ARS_Phase2,45,3.974,8.352425544988364,11.994258132703374,0.6167142857142857,0.2983007182827302,108.41590511052752,0.0,0.000286289807111457,0.00018169084416871586,0.00010459896294274113,9.0,999,Phase2_HP_YAML
ARS_Phase2,46,4.262,1.7240850552916527,11.962410933922571,0.6490714285714285,0.13778810584372692,85.31577904889127,0.0,0.00022350248230553025,0.00014227242182645079,8.123006047907946e-05,8.0,999,Phase2_HP_YAML
ARS_Phase2,47,4.121,6.9256645403802395,11.31134200397684,0.6114428571428572,0.0,113.4941672270678,0.0,0.00030107734179441375,0.00019632667400011562,0.00010475066779429813,10.0,999,Phase2_HP_YAML
ARS_Phase2,48,4.406,10.510440678335726,11.968356191559112,0.681936507936508,0.001496491897736707,102.28383556984946,0.0,0.0002672412847566722,0.00017257974534822903,9.46615394084432e-05,10.0,999,Phase2_HP_YAML
ARS_Phase2,49,4.895,9.689702168107033,12.660451083616378,0.6253035714285714,0.0,98.89705270276157,0.0,0.00023399767181293623,0.00013852779261548298,9.546987919745325e-05,8.0,999,Phase2_HP_YAML
ARS_Phase2,50,4.425,111.48526226170361,118.90496044120951,0.5942222222222222,0.0,155.9262527518323,0.0,0.0003459201913456043,0.00017380494641063192,0.00017211524493497234,9.0,999,Phase2_HP_YAML
ARS_Phase2,51,3.47,51.02876067534089,53.29202783976354,0.6175510204081632,0.0,105.55023397760806,0.0,0.00024148808894544846,0.0001338195696719887,0.00010766851927345973,7.0,999,Phase2_HP_YAML
ARS_Phase2,52,3.51,-0.6924575194716454,4.534703319411695,0.5750816326530612,0.0,57.90486951175171,0.0,0.00015426017169791557,0.00010387730964640049,5.0382862051515085e-05,7.0,999,Phase2_HP_YAML
ARS_Phase2,53,3.883,2.7221117769076955,5.368065093867022,0.6034897959183674,0.0,98.95674610179363,0.0,0.0002660047925309024,0.00016630516919023965,9.969962334066283e-05,9.0,999,Phase2_HP_YAML
ARS_Phase2,54,4.025,30.429975271690637,31.99028173085754,0.6601746031746031,0.0,102.18955658029186,0.0,0.0002648368165129034,0.00016916501398045165,9.567180253245175e-05,9.0,999,Phase2_HP_YAML
ARS_Phase2,55,3.468,1.2424532007426023,3.1521775354480153,0.6025510204081632,0.0,89.52369256283137,0.0,0.00024106972698251721,0.00015582688797458058,8.52428390079366e-05,7.0,999,Phase2_HP_YAML
ARS_Phase2,56,3.894,4.408362508751452,12.818974180358431,0.591375,0.00016627687752457376,94.80154235802944,0.0,0.0002469213646796249,0.00015722249376415017,8.969887091547474e-05,8.0,999,Phase2_HP_YAML
ARS_Phase2,57,3.95,11.044242966920137,12.994019313931876,0.6304897959183674,0.0,64.59657159655853,0.0,0.000176404656359493,0.00012161446507596783,5.479019128352516e-05,7.0,999,Phase2_HP_YAML
ARS_Phase2,58,4.796,19.35085816681385,23.385054706302995,0.5814523809523809,0.0,70.56613320226727,0.0,0.00017805509328642518,0.00011121704895317951,6.683804433324561e-05,6.0,999,Phase2_HP_YAML
ARS_Phase2,59,5.513,23.818700030446053,24.919841351543116,0.6595510204081633,0.0,86.70557661688453,0.0,0.0002188051659046191,0.00013685412488207262,8.19510410225465e-05,7.0,999,Phase2_HP_YAML
ARS_Phase2,60,3.475,-7.7480138269020244,3.5987171152359143,0.6152380952380953,0.25590011451345096,108.05935205948462,0.0,0.0002830676209924741,0.00018164616898972406,0.00010142145200275002,9.0,7,Phase2_HP_YAML
ARS_Phase2,61,4.154,27.574689604341984,28.6472241428922,0.6814464285714286,0.0,92.33936978124119,0.0,0.0002251332202444501,0.00013863528287132921,8.649793737312085e-05,8.0,7,Phase2_HP_YAML
ARS_Phase2,62,3.482,39.461007699370384,40.67057199729602,0.663375,0.041347516878285084,102.07820649797488,0.0,0.0002587329262392833,0.0001567217123434954,0.0001020112138957879,8.0,7,Phase2_HP_YAML
ARS_Phase2,63,4.254,58.191573506221175,65.4601032640058,0.5891666666666667,0.0,123.54449596103467,0.0,0.00029425008395606483,0.0001803206241934249,0.00011392945976263989,11.0,7,Phase2_HP_YAML
ARS_Phase2,64,5.265,7.568791080266237,8.317497840707533,0.7201190476190477,0.0,50.73395746591318,0.0,0.00013086007743782398,8.899506471444024e-05,4.1865012723383755e-05,6.0,7,Phase2_HP_YAML
ARS_Phase2,65,4.617,13.642900741659105,15.81380750388434,0.6556428571428572,0.0,90.5129845584889,0.0,0.0002342083796320169,0.00015191905590525648,8.228932372676044e-05,8.0,7,Phase2_HP_YAML
ARS_Phase2,66,4.303,20.395035102032125,23.230482659831587,0.6261904761904762,0.0,109.12984259700096,0.0,0.0002795783185571935,0.00017992976527970398,9.96485532774895e-05,10.0,7,Phase2_HP_YAML
ARS_Phase2,67,4.095,20.03619984537363,22.008519485437223,0.6501111111111111,0.0,101.29631719421889,0.0,0.00026860239811009356,0.000171817423938526,9.678497417156762e-05,9.0,7,Phase2_HP_YAML
ARS_Phase2,68,3.656,12.537668194621801,15.918501920055522,0.6232946428571429,0.0,90.15227458550783,0.0,0.00022145941520975487,0.00014047746207466056,8.098195313509432e-05,9.0,7,Phase2_HP_YAML
ARS_Phase2,69,3.927,15.246408727020025,15.954783946444893,0.6867714285714286,0.0,54.08604389122384,0.0,0.00015124536699047302,0.00010299277844920589,4.8252588541267125e-05,5.0,7,Phase2_HP_YAML
ARS_Phase2,70,3.905,1.6074337004683912,6.839547611719455,0.5622142857142858,0.0,80.06769281477047,0.0,0.00020663077327586214,0.00013480899413145027,7.182177914441189e-05,8.0,7,Phase2_HP_YAML
ARS_Phase2,71,3.399,25.298867344856262,27.56637746532627,0.6546666666666668,0.0,86.74642530313021,0.0,0.00021814297471760952,0.00013196615412068298,8.617682059692656e-05,6.0,7,Phase2_HP_YAML
ARS_Phase2,72,3.981,33.49878850765526,35.436086604470304,0.6228367346938776,0.0,70.15420995100801,0.0,0.0001725857623627887,0.00010967079742802812,6.291496493476054e-05,7.0,7,Phase2_HP_YAML
ARS_Phase2,73,4.024,5.867814985802397,7.625724282149891,0.6658877551020409,0.0,60.118735284766856,0.0,0.00018086808979919167,0.0001310119815263445,4.985610827284718e-05,8.0,7,Phase2_HP_YAML
ARS_Phase2,74,4.221,26.58891308447346,28.7125131100748,0.6498253968253969,0.045227310687243616,89.40264299599203,0.0,0.00023401061953743483,0.0001551832655908634,7.882735394657144e-05,9.0,7,Phase2_HP_YAML
ARS_Phase2,75,5.213,14.324924767017365,17.85720149333727,0.5914693877551019,0.14078108963920033,89.2917917443076,0.0,0.0002349149364764209,0.00014836872801533884,8.654620846108204e-05,7.0,7,Phase2_HP_YAML
ARS_Phase2,76,5.517,6.652394026517868,10.605990990817824,0.6163214285714286,0.0,97.56229278122962,0.0,0.00026535636308286603,0.0001738894926019267,9.146687048093932e-05,8.0,7,Phase2_HP_YAML
ARS_Phase2,77,4.901,32.29410874098539,35.72347012775959,0.5704489795918367,0.0,111.16340880915142,0.0,0.00028526017926697997,0.0001690731464610607,0.00011618703280591934,7.0,7,Phase2_HP_YAML
ARS_Phase2,78,5.326,3.3175480095669627,10.987590878777784,0.6125142857142858,0.3052289215130011,97.66882083409833,0.0,0.0002608121402528948,0.00017185612549771296,8.895601475518182e-05,10.0,7,Phase2_HP_YAML
ARS_Phase2,79,5.127,13.70332296937704,14.471643868508103,0.7236530612244898,0.08297216188578038,66.55387214755011,0.0,0.00017435361890736077,0.00011376719126535688,6.0586427642003906e-05,7.0,7,Phase2_HP_YAML
ARS_Phase2,80,4.37,10.91820325050503,13.966730629767309,0.602,0.0,79.64462901271693,0.0,0.00020315696191520303,0.0001260814582060805,7.707550370912254e-05,6.0,89,Phase2_HP_YAML
ARS_Phase2,81,4.366,8.667107045650482,9.401655201049063,0.6880714285714286,0.0,67.79651467893234,0.0,0.00018472332732420677,0.00012405193066600376,6.0671396658203004e-05,6.0,89,Phase2_HP_YAML
ARS_Phase2,82,3.691,49.16322769224644,50.32087133246037,0.6341666666666667,0.0,81.56002779057182,0.0,0.000176652586546907,9.903254257363437e-05,7.762004397327263e-05,6.0,89,Phase2_HP_YAML
ARS_Phase2,83,4.79,4.330838907510042,6.577989605008083,0.5873809523809523,0.0,50.70796284739318,0.0,0.00012919820195566052,8.520030538300228e-05,4.3997896572658223e-05,6.0,89,Phase2_HP_YAML
ARS_Phase2,84,3.68,9.747656229883432,10.664507045931952,0.6514285714285714,0.0,38.442992381649375,0.0,9.048657627666197e-05,5.702982702678859e-05,3.3456749249873386e-05,4.0,89,Phase2_HP_YAML
ARS_Phase2,85,3.793,20.311124239116907,24.926608996281846,0.6403015873015874,0.0,100.30658179355466,0.0,0.0002507774918431387,0.00015540520048797307,9.537229135516567e-05,9.0,89,Phase2_HP_YAML
ARS_Phase2,86,3.819,9.460919916629791,11.250661113861971,0.6267857142857142,0.0,60.53348524294407,0.0,0.00016999174679424312,0.00011504638518748729,5.4945361606755806e-05,6.0,89,Phase2_HP_YAML
ARS_Phase2,87,4.125,5.661706713668536,7.480631857115058,0.6203061224489795,0.0,57.005755009339474,0.0,0.00017359360573241127,0.0001251983583688109,4.839524736360038e-05,7.0,89,Phase2_HP_YAML
ARS_Phase2,88,4.299,28.369681239128113,31.614700914553985,0.6291249999999999,0.0,89.55722506646592,0.0,0.0002175114929503745,0.00013223930589119817,8.527218705917633e-05,8.0,89,Phase2_HP_YAML
ARS_Phase2,89,4.301,8.639278127171565,9.696749364269092,0.6783392857142858,0.0,89.29544983561318,0.0,0.0002635924485600435,0.0001808584018204535,8.273404673959002e-05,8.0,89,Phase2_HP_YAML
ARS_Phase2,90,4.034,29.850790604948997,32.27634806385229,0.6376428571428572,0.0,118.29474695813862,0.0,0.000306506709775923,0.0001862584050726016,0.00012024830470332139,8.0,89,Phase2_HP_YAML
ARS_Phase2,91,4.726,19.92946807295084,22.57172558823501,0.6405714285714287,0.0,106.50333303959059,0.0,0.00025565299663725817,0.00015759356435603836,9.805943228121984e-05,9.0,89,Phase2_HP_YAML
ARS_Phase2,92,4.195,11.512151869013906,14.622033781192023,0.5845918367346938,0.0,53.17107765982073,0.0,0.00014676965175974846,0.00010417658567686943,4.259306608287901e-05,7.0,89,Phase2_HP_YAML
ARS_Phase2,93,3.798,81.79245742331841,85.28973782439199,0.6103095238095239,0.0,145.649177782545,0.0,0.0003303451748435761,0.00018544464378927563,0.00014490053105430047,10.0,89,Phase2_HP_YAML
ARS_Phase2,94,4.624,10.009850956499577,21.477909377461067,0.5245535714285714,0.0,92.40610223475521,0.0,0.00023263029952205045,0.00014473010202173338,8.790019750031707e-05,8.0,89,Phase2_HP_YAML
ARS_Phase2,95,4.228,10.347796626389027,12.40281024741512,0.6260816326530613,0.0,80.86659778566,0.0,0.0001938572076313296,0.00011851771601556695,7.533949161576264e-05,7.0,89,Phase2_HP_YAML
ARS_Phase2,96,4.544,23.6745585212484,26.069212234813264,0.6129285714285714,0.0,66.54450521678278,0.0,0.00015949829287932078,9.770808056954402e-05,6.179021230977674e-05,6.0,89,Phase2_HP_YAML
ARS_Phase2,97,3.709,39.644922614097595,41.804734354484616,0.6506122448979592,0.0,92.84573829893554,0.0,0.00023383901867117277,0.00014080479690760023,9.303422176357256e-05,7.0,89,Phase2_HP_YAML
ARS_Phase2,98,3.879,10.96493235975504,15.262335141333491,0.5957777777777777,0.0,85.9123250598309,0.0,0.00021997485465260255,0.0001412246680441056,7.875018660849697e-05,9.0,89,Phase2_HP_YAML
ARS_Phase2,99,3.841,13.675335347652435,14.52651839350651,0.5943333333333333,0.0,39.267503991678005,0.0,9.567851481593156e-05,5.9053389875872965e-05,3.66251249400586e-05,3.0,89,Phase2_HP_YAML
